[{"model": "dsrs.territory", "pk": "CH", "fields": {"name": null, "code_3": null, "local_currency": "CHF"}}, {"model": "dsrs.territory", "pk": "ES", "fields": {"name": null, "code_3": null, "local_currency": "EUR"}}, {"model": "dsrs.territory", "pk": "GB", "fields": {"name": null, "code_3": null, "local_currency": "GBP"}}, {"model": "dsrs.territory", "pk": "NO", "fields": {"name": null, "code_3": null, "local_currency": "NOK"}}, {"model": "dsrs.currency", "pk": "CHF", "fields": {"name": null, "symbol": null}}, {"model": "dsrs.currency", "pk": "EUR", "fields": {"name": null, "symbol": null}}, {"model": "dsrs.currency", "pk": "GBP", "fields": {"name": null, "symbol": null}}, {"model": "dsrs.currency", "pk": "NOK", "fields": {"name": null, "symbol": null}}, {"model": "dsrs.dsr", "pk": 1, "fields": {"path": "Spotify_SpotifyFamilyPlan_ES_EUR_20200101-20200131.tsv.gz", "period_start": "2020-01-01", "period_end": "2020-01-31", "status": "Ingested", "territory": "ES", "currency": "EUR"}}, {"model": "dsrs.dsr", "pk": 2, "fields": {"path": "Spotify_SpotifyFree_CH_CHF_20200201-20200228.tsv.gz", "period_start": "2020-02-01", "period_end": "2020-02-28", "status": "Ingested", "territory": "CH", "currency": "CHF"}}, {"model": "dsrs.dsr", "pk": 3, "fields": {"path": "Spotify_SpotifyStudent_GB_GBP_20200301-20200331.tsv.gz", "period_start": "2020-03-01", "period_end": "2020-03-31", "status": "Ingested", "territory": "GB", "currency": "GBP"}}, {"model": "dsrs.dsr", "pk": 4, "fields": {"path": "Spotify_SpotifyDuo_NO_NOK_20200101-20200131.tsv.gz", "period_start": "2020-01-01", "period_end": "2020-01-31", "status": "Ingested", "territory": "NO", "currency": "NOK"}}, {"model": "dsrs.resource", "pk": 1, "fields": {"dsp_id": "KOIFubIJlZefxMDMDfTYCbxYltQOTZ", "title": "color then", "artists": "Lisa Woods|Holly Spears|Linda Conrad|Hunter Phillips|Richard Leon", "isrc": "DJCMK7549787", "usages": 70531, "revenue": 49.6267664875374, "dsrs": 1}}, {"model": "dsrs.resource", "pk": 2, "fields": {"dsp_id": "QOhIyWlVBFtzLTjtYkCIzbFSXHRrpO", "title": "partner staff without", "artists": "David Bond|Ronald Williams|Brenda Anderson", "isrc": "AOWRG7153518", "usages": 284618, "revenue": 75, "dsrs": 1}}, {"model": "dsrs.resource", "pk": 3, "fields": {"dsp_id": "TZMYVstMRfMgRqRsyNMlQyAuMqgyoQ", "title": "state ever doctor", "artists": "Robin Ford|Lisa Carson|Matthew Black", "isrc": "OMTEA8750296", "usages": 803307, "revenue": 5284052618531, "dsrs": 1}}, {"model": "dsrs.resource", "pk": 4, "fields": {"dsp_id": "YdSreGFBYeiOqJhxfmnkefWckXwClN", "title": "choose city past all", "artists": "Haley Oconnell", "isrc": "JOQBS5301977", "usages": 115124, "revenue": 59472796717022.4, "dsrs": 1}}, {"model": "dsrs.resource", "pk": 5, "fields": {"dsp_id": "iPNGIQhFJmwuCItToLomAWjSCfMLvH", "title": "say away ground hand", "artists": "Michelle Martin|Barry Wilson", "isrc": "GWCUH4475024", "usages": 745627, "revenue": 73.2722321, "dsrs": 1}}, {"model": "dsrs.resource", "pk": 6, "fields": {"dsp_id": "RMKSWEJOyBnzOkgpCEJfwIJJTwbjfH", "title": "forget start need", "artists": "Kimberly Jenkins|Todd Holloway|William Hicks", "isrc": "MWXVH7239357", "usages": 812288, "revenue": 626868096187550, "dsrs": 1}}, {"model": "dsrs.resource", "pk": 7, "fields": {"dsp_id": "huKwQLlzEzXdzaVrZDfCutfGqQtvEv", "title": "final manage will", "artists": "Shawna Medina|Sheena Stanley|Amy Duncan", "isrc": "BOASR5089077", "usages": 109011, "revenue": 234557237976097, "dsrs": 1}}, {"model": "dsrs.resource", "pk": 8, "fields": {"dsp_id": "KIhzdISxQZDsEVpVtKWqpoCxZOvkBI", "title": "network since most", "artists": "Susan Schmidt", "isrc": "LAPHS1593951", "usages": 823517, "revenue": 331, "dsrs": 1}}, {"model": "dsrs.resource", "pk": 9, "fields": {"dsp_id": "fwNQcbYmErGPmjvgaHDTFeBopnLfJd", "title": "character impact buy", "artists": "Kevin Ortega|Sarah Jackson|Brandon Williams", "isrc": "", "usages": 185470, "revenue": 7791859.526, "dsrs": 1}}, {"model": "dsrs.resource", "pk": 10, "fields": {"dsp_id": "KiXXYjMMhENKgyfppTswYJoQxMbqUa", "title": "weight first", "artists": "", "isrc": "TOSAR9247259", "usages": 968441, "revenue": 67288034386.2, "dsrs": 1}}, {"model": "dsrs.resource", "pk": 11, "fields": {"dsp_id": "qnQAFefHqMRGUhKzWyJTRuLLCINCXR", "title": "will analysis", "artists": "Leonard Smith|Kim Rivera|Joyce Wilson", "isrc": "CFBFE0797763", "usages": 42490, "revenue": 67268712802, "dsrs": 1}}, {"model": "dsrs.resource", "pk": 12, "fields": {"dsp_id": "BTULeVurHZvWtUosZWRFpJWeIOnBIy", "title": "physical financial another draw", "artists": "Dana Castillo|Isaac Smith|Franklin Harris|David White", "isrc": "PTUUP7618029", "usages": 120198, "revenue": 2103320.28, "dsrs": 1}}, {"model": "dsrs.resource", "pk": 13, "fields": {"dsp_id": "khUkStKUojwBMESDQOTpeZoMFHkPuB", "title": "against which car move", "artists": "Toni Larsen|Sharon Mccarthy|Natalie Gonzalez", "isrc": "TNDEP6435203", "usages": 213844, "revenue": 513094.9204, "dsrs": 1}}, {"model": "dsrs.resource", "pk": 14, "fields": {"dsp_id": "VehhfMyrvbuOdxFqdmObRcBjgfNBxj", "title": "baby enter", "artists": "Richard Ayers|Linda Johnson|Jordan Ortega", "isrc": "ATUEF4689303", "usages": 3916, "revenue": 53825830519842, "dsrs": 1}}, {"model": "dsrs.resource", "pk": 15, "fields": {"dsp_id": "ALcgJSJPKmfcuCLgXfgRXhUFluDGZg", "title": "home recently much adult", "artists": "Veronica Adams|Bobby Peterson|Melissa Kennedy|Lauren Taylor", "isrc": "SNUYJ6194725", "usages": 801261, "revenue": 2165762725890, "dsrs": 1}}, {"model": "dsrs.resource", "pk": 16, "fields": {"dsp_id": "DPqfhubXDAuowXVOgXJRkmZzszeOYL", "title": "", "artists": "Michelle Knapp", "isrc": "KNQFJ7036203", "usages": 404287, "revenue": 83244890331138, "dsrs": 1}}, {"model": "dsrs.resource", "pk": 17, "fields": {"dsp_id": "ZcGukOuFKZJPJWENDeqIBwUcTfXpii", "title": "piece scene seat", "artists": "George Pena|Matthew Sparks|Mr. Timothy Montgomery PhD|Ariel Rodriguez", "isrc": "SZZFW3158914", "usages": 353231, "revenue": 925969942821.52, "dsrs": 1}}, {"model": "dsrs.resource", "pk": 18, "fields": {"dsp_id": "aNGtEIBDKPmdMwPCyxIhJHKEwRFWjR", "title": "up relate", "artists": "Angela Brady|Joseph Potter|Stephanie Orr|Brian Barnett", "isrc": "ILSVO1644267", "usages": 519373, "revenue": 49174252141.23, "dsrs": 1}}, {"model": "dsrs.resource", "pk": 19, "fields": {"dsp_id": "AjNgvfnhJZxhjMvXFmSrqKuNAUsCrC", "title": "modern suffer represent red", "artists": "Sara Rodgers|Sean Young", "isrc": "BHRUT7410218", "usages": 623940, "revenue": 782357176081594, "dsrs": 1}}, {"model": "dsrs.resource", "pk": 20, "fields": {"dsp_id": "UDYWoJjuECMWJWaGZftVmMWOgiTCdc", "title": "board answer year doctor", "artists": "", "isrc": "MCPXY0221579", "usages": 125641, "revenue": 832901, "dsrs": 1}}, {"model": "dsrs.resource", "pk": 21, "fields": {"dsp_id": "PJckACliKdeoMHPBrcuoFGeVqPvIxz", "title": "administration store purpose", "artists": "Sheila Greene|Greg Ingram|Kristen Johnson|Karen Martin|Robert Wood", "isrc": "", "usages": 562170, "revenue": 814855734.1, "dsrs": 1}}, {"model": "dsrs.resource", "pk": 22, "fields": {"dsp_id": "GBkLTLSyzVBgfDbTKUKdhVeznqCmDe", "title": "project prove", "artists": "Devin Harris|Johnathan Young|Jackson Williams", "isrc": "AZRUX4029264", "usages": 466398, "revenue": 1342133.156246, "dsrs": 1}}, {"model": "dsrs.resource", "pk": 23, "fields": {"dsp_id": "JXeEkRedwTUujfgrdCZdplprreXNhM", "title": "dinner compare", "artists": "Garrett Tucker|Carlos Edwards|Daniel Vincent", "isrc": "TMFHT4790712", "usages": 621649, "revenue": 50432975, "dsrs": 1}}, {"model": "dsrs.resource", "pk": 24, "fields": {"dsp_id": "yNadFlugmWZlNOKPsncnMpqdFWPBtt", "title": "shake since", "artists": "Becky Bowman|Mary Wilson", "isrc": "KWJUH3689605", "usages": 474329, "revenue": 515868070600.2, "dsrs": 1}}, {"model": "dsrs.resource", "pk": 25, "fields": {"dsp_id": "ePObFjzFBFlLAMNakwhbYzJRaEBWcE", "title": "present financial rock", "artists": "Michelle White|Michael Ferguson", "isrc": "STLBT7326431", "usages": 380257, "revenue": 5043655434, "dsrs": 1}}, {"model": "dsrs.resource", "pk": 26, "fields": {"dsp_id": "XoIXqkghaZfvcWcrLxkQryxDESLXcQ", "title": "another hot", "artists": "Rebecca Davis|Laura Richardson", "isrc": "", "usages": 765938, "revenue": 74279.97, "dsrs": 1}}, {"model": "dsrs.resource", "pk": 27, "fields": {"dsp_id": "KmMsVTjOiOQhGzuKcnQYMHocsaOkMm", "title": "summer interview", "artists": "Monica Poole MD|Jennifer Merritt", "isrc": "PYSFX1756241", "usages": 329139, "revenue": 8573.89, "dsrs": 1}}, {"model": "dsrs.resource", "pk": 28, "fields": {"dsp_id": "RCvziITNvfecxsQITKSapsdgTQncQL", "title": "stage among mother", "artists": "Bobby Brown|Rhonda Morgan|Jennifer Stewart", "isrc": "LAEVI7157543", "usages": 224263, "revenue": 9982502924449.3, "dsrs": 1}}, {"model": "dsrs.resource", "pk": 29, "fields": {"dsp_id": "BDNywIkArcgrpSmUJOtJFdFbOdmtSo", "title": "bank this hit trade", "artists": "Yolanda Hines|Sarah Jones", "isrc": "VUHNN0109532", "usages": 704694, "revenue": 86.757057881781, "dsrs": 1}}, {"model": "dsrs.resource", "pk": 30, "fields": {"dsp_id": "zTRzMTkZwuZrWlyIIBBMTxQUGfvxPG", "title": "city room we hand", "artists": "Melissa Miller", "isrc": "SVSGW3641684", "usages": 890039, "revenue": 454111846031969, "dsrs": 1}}, {"model": "dsrs.resource", "pk": 31, "fields": {"dsp_id": "azkfFsRTaEhMuOtXtocbuopdOreTEv", "title": "always minute traditional TV", "artists": "Carrie Davis|Ashley Paul|Karen Cruz|Eric Chung", "isrc": "SAFRD6148965", "usages": 955008, "revenue": 8315.53402, "dsrs": 1}}, {"model": "dsrs.resource", "pk": 32, "fields": {"dsp_id": "nCofgrEuwxZvNkNxPJjNTxGWbDqjZO", "title": "war score will animal", "artists": "Eric Fox|John Norman|Jamie Allison|Taylor Rodriguez", "isrc": "KRLPP3103372", "usages": 802970, "revenue": 600.887098364, "dsrs": 1}}, {"model": "dsrs.resource", "pk": 33, "fields": {"dsp_id": "ZjJvjZRPnmYampYjXhJcmeIruKnVoR", "title": "community ever plant blood", "artists": "", "isrc": "PEDQD6809354", "usages": 311761, "revenue": 79.7449722, "dsrs": 1}}, {"model": "dsrs.resource", "pk": 34, "fields": {"dsp_id": "GWlQfltGtMTGcdQHTljwEnaWIpxJTW", "title": "military window", "artists": "Martin Le|Katherine Ortiz", "isrc": "TLRUL3705344", "usages": 570888, "revenue": 370297465.565, "dsrs": 1}}, {"model": "dsrs.resource", "pk": 35, "fields": {"dsp_id": "LdTCBNgsiKhLWLHTVOhsHeXyfebtzT", "title": "hundred meet", "artists": "", "isrc": "NPEYM4241430", "usages": 613245, "revenue": 714.16955890625, "dsrs": 1}}, {"model": "dsrs.resource", "pk": 36, "fields": {"dsp_id": "uSyIILeJqigDtyfDoxydGZnoISHtuh", "title": "never pressure reduce turn", "artists": "Teresa Bernard", "isrc": "CIKXD7782840", "usages": 380431, "revenue": 1635800093108.9, "dsrs": 1}}, {"model": "dsrs.resource", "pk": 37, "fields": {"dsp_id": "mFutoIkbepKYzJzTrdMAhUCksTNdAA", "title": "eye issue source", "artists": "Kathy Murphy", "isrc": "AMYJN4884209", "usages": 991379, "revenue": 780253883.9, "dsrs": 1}}, {"model": "dsrs.resource", "pk": 38, "fields": {"dsp_id": "XRprAOlguFhYlRzwCKlwChUWPkXPVM", "title": "probably not but their", "artists": "Marc Caldwell|Anna Suarez|Andrew Howell|Kristin Rhodes|Marie Turner", "isrc": "OMSPT7724527", "usages": 442481, "revenue": 75219.4228825445, "dsrs": 1}}, {"model": "dsrs.resource", "pk": 39, "fields": {"dsp_id": "nQSmRZxLyQkCvnprezVJTyuDmiMdYy", "title": "bit wonder bill bar", "artists": "Barbara Shepard|Diane Hartman|Anne Cameron|Jeffrey Lewis", "isrc": "IDEAT5049614", "usages": 603706, "revenue": 685985452363008, "dsrs": 1}}, {"model": "dsrs.resource", "pk": 40, "fields": {"dsp_id": "jrBjVydnTnuArlHnBNcYUwEawmoIpN", "title": "continue may", "artists": "John Coleman", "isrc": "IRMXL6096237", "usages": 790733, "revenue": 3888.1535, "dsrs": 1}}, {"model": "dsrs.resource", "pk": 41, "fields": {"dsp_id": "tYUJQEyJwIgxvTiBDxdJBOiwYKWukK", "title": "ago accept into", "artists": "Christina Love DVM|Melissa Gray|Antonio Mclaughlin|Adam Thornton", "isrc": "RUNES2272576", "usages": 759089, "revenue": 67191.34800346, "dsrs": 1}}, {"model": "dsrs.resource", "pk": 42, "fields": {"dsp_id": "doEqriJSbIMlXXbDlBIDmYJvmNlpjR", "title": "middle east defense discover", "artists": "Jeffery Young|Adam Gross|Joan Howell|Kevin Miranda", "isrc": "MVAHK1101948", "usages": 865462, "revenue": 2753307.3873, "dsrs": 1}}, {"model": "dsrs.resource", "pk": 43, "fields": {"dsp_id": "tjXlCjLftdWujjQzQNKodDqSlpIHtS", "title": "nothing those worry", "artists": "David Jones|Jeffrey Everett|Debra Williams|Michael Patel|Audrey Mendoza", "isrc": "GTTOO8374733", "usages": 514966, "revenue": 652467.1, "dsrs": 1}}, {"model": "dsrs.resource", "pk": 45, "fields": {"dsp_id": "jigZcfDkRhVJUZzlAJCWaQKvOYdpSp", "title": "situation term different", "artists": "Lisa Ayala|Jason Flores", "isrc": "SZOXV3681316", "usages": 894116, "revenue": 97383.889, "dsrs": 1}}, {"model": "dsrs.resource", "pk": 46, "fields": {"dsp_id": "OTPqNLcMMntWWeNvhgfoSbxaZIfirr", "title": "sure use teach", "artists": "Steven Alvarez|Elizabeth Turner", "isrc": "JPBPP7528934", "usages": 902221, "revenue": 30449.7297165717, "dsrs": 1}}, {"model": "dsrs.resource", "pk": 47, "fields": {"dsp_id": "YsTjNnZQXgzxwcVhuMbYjXPdZzqYZt", "title": "PM maintain key hundred", "artists": "James Simpson|Mrs. Stephanie Martin DVM", "isrc": "INGFL6742971", "usages": 596560, "revenue": 52433.25742, "dsrs": 1}}, {"model": "dsrs.resource", "pk": 3999, "fields": {"dsp_id": "YXmuLktTWZjAeteCISZmyphDajPowy", "title": "player know surface", "artists": "Michael Franklin|Christine Sanchez|Paul Avila", "isrc": "BRJBN2964485", "usages": 353254, "revenue": 19154737.7065, "dsrs": 4}}, {"model": "dsrs.resource", "pk": 4000, "fields": {"dsp_id": "KrEXHyNpznVSgbmsERoSGSDprvfxmK", "title": "plan month next", "artists": "Mark Padilla|Charles Wilson", "isrc": "CFPNC2665867", "usages": 95005, "revenue": 51.90709052, "dsrs": 4}}]